month,zipcode,avg_response_hours
2024-01,00000,26.76
2024-01,02062,735.91
2024-01,10000,561.1
2024-01,10001,387.08
2024-01,10002,346.92
2024-01,10003,201.82
2024-01,10004,185.46
2024-01,10005,236.04
2024-01,10006,100.32
2024-01,10007,236.92
2024-01,10009,334.55
2024-01,10010,483.04
2024-01,10011,452.38
2024-01,10012,288.91
2024-01,10013,384.0
2024-01,10014,358.99
2024-01,10016,366.42
2024-01,10017,391.43
2024-01,10018,396.22
2024-01,10019,463.55
2024-01,10020,1401.56
2024-01,10021,535.21
2024-01,10022,405.47
2024-01,10023,544.95
2024-01,10024,456.05
2024-01,10025,793.52
2024-01,10026,365.21
2024-01,10027,368.79
2024-01,10028,927.48
2024-01,10029,393.98
2024-01,10030,356.53
2024-01,10031,311.61
2024-01,10032,356.75
2024-01,10033,289.54
2024-01,10034,302.69
2024-01,10035,361.86
2024-01,10036,350.68
2024-01,10037,456.22
2024-01,10038,330.83
2024-01,10039,296.28
2024-01,10040,260.72
2024-01,10041,201.22
2024-01,10044,141.34
2024-01,10045,0.27
2024-01,10065,467.5
2024-01,10069,365.31
2024-01,10075,309.11
2024-01,10103,1377.64
2024-01,10105,1329.16
2024-01,10106,0.73
2024-01,10107,418.87
2024-01,10111,0.29
2024-01,10112,0.0
2024-01,10118,0.2
2024-01,10119,1202.17
2024-01,10120,13.69
2024-01,10121,708.45
2024-01,10123,2311.06
2024-01,10128,355.66
2024-01,10151,26.01
2024-01,10153,992.18
2024-01,10154,0.6
2024-01,10155,24.96
2024-01,10162,0.51
2024-01,10165,20.31
2024-01,10166,30.28
2024-01,10167,1666.13
2024-01,10168,95.5
2024-01,10169,181.17
2024-01,10170,69.23
2024-01,10172,6.72
2024-01,10173,1352.93
2024-01,10178,33.74
2024-01,10179,33.09
2024-01,10271,1.6
2024-01,10278,318.82
2024-01,10279,314.5
2024-01,10280,295.99
2024-01,10282,78.73
2024-01,10301,346.22
2024-01,10302,378.56
2024-01,10303,703.46
2024-01,10304,280.64
2024-01,10305,272.98
2024-01,10306,422.89
2024-01,10307,313.53
2024-01,10308,652.82
2024-01,10309,268.05
2024-01,10310,201.26
2024-01,10312,445.61
2024-01,10314,379.21
2024-01,10451,326.39
2024-01,10452,293.24
2024-01,10453,290.49
2024-01,10454,330.83
2024-01,10455,243.62
2024-01,10456,272.69
2024-01,10457,243.55
2024-01,10458,312.11
2024-01,10459,291.25
2024-01,10460,297.53
2024-01,10461,167.03
2024-01,10462,208.41
2024-01,10463,204.44
2024-01,10464,115.44
2024-01,10465,135.93
2024-01,10466,172.78
2024-01,10467,218.99
2024-01,10468,251.36
2024-01,10469,217.07
2024-01,10470,143.01
2024-01,10471,197.02
2024-01,10472,234.21
2024-01,10473,292.17
2024-01,10474,289.1
2024-01,10475,225.07
2024-01,10522,24.15
2024-01,11001,428.93
2024-01,11004,422.52
2024-01,11005,2137.51
2024-01,11040,398.26
2024-01,11101,218.69
2024-01,11102,266.57
2024-01,11103,306.05
2024-01,11104,259.38
2024-01,11105,249.69
2024-01,11106,206.28
2024-01,11109,24.46
2024-01,11201,240.44
2024-01,11203,355.11
2024-01,11204,222.85
2024-01,11205,200.72
2024-01,11206,492.73
2024-01,11207,309.88
2024-01,11208,293.53
2024-01,11209,324.2
2024-01,11210,398.81
2024-01,11211,509.72
2024-01,11212,338.0
2024-01,11213,289.09
2024-01,11214,239.26
2024-01,11215,338.01
2024-01,11216,375.38
2024-01,11217,342.12
2024-01,11218,260.63
2024-01,11219,303.12
2024-01,11220,287.49
2024-01,11221,462.9
2024-01,11222,438.53
2024-01,11223,207.61
2024-01,11224,221.8
2024-01,11225,276.91
2024-01,11226,303.2
2024-01,11228,306.33
2024-01,11229,501.48
2024-01,11230,199.64
2024-01,11231,241.5
2024-01,11232,277.74
2024-01,11233,341.89
2024-01,11234,291.92
2024-01,11235,347.11
2024-01,11236,321.56
2024-01,11237,460.45
2024-01,11238,335.14
2024-01,11239,54.73
2024-01,11241,2.33
2024-01,11242,4732.69
2024-01,11249,462.19
2024-01,11251,46.25
2024-01,11354,390.49
2024-01,11355,271.87
2024-01,11356,148.75
2024-01,11357,434.29
2024-01,11358,293.97
2024-01,11359,6.37
2024-01,11360,88.19
2024-01,11361,328.97
2024-01,11362,431.07
2024-01,11363,513.31
2024-01,11364,572.87
2024-01,11365,260.46
2024-01,11366,56.94
2024-01,11367,229.56
2024-01,11368,177.37
2024-01,11369,331.56
2024-01,11370,396.16
2024-01,11372,283.75
2024-01,11373,248.88
2024-01,11374,183.54
2024-01,11375,285.99
2024-01,11377,177.44
2024-01,11378,209.66
2024-01,11379,334.29
2024-01,11385,258.81
2024-01,11411,313.54
2024-01,11412,327.68
2024-01,11413,205.65
2024-01,11414,489.21
2024-01,11415,281.76
2024-01,11416,252.65
2024-01,11417,190.56
2024-01,11418,212.13
2024-01,11419,266.2
2024-01,11420,311.39
2024-01,11421,104.06
2024-01,11422,320.52
2024-01,11423,289.17
2024-01,11426,502.69
2024-01,11427,278.45
2024-01,11428,412.18
2024-01,11429,232.13
2024-01,11430,1661.84
2024-01,11432,312.18
2024-01,11433,198.1
2024-01,11434,346.76
2024-01,11435,181.06
2024-01,11436,257.09
2024-01,11691,313.99
2024-01,11692,201.59
2024-01,11693,325.16
2024-01,11694,313.95
2024-01,11697,952.01
2024-01,11706,743.69
2024-01,11725,22.61
2024-01,11735,746.91
2024-01,11747,22.55
2024-01,11751,71.15
2024-01,11753,767.35
2024-01,11791,762.17
2024-01,12345,112.96
2024-01,33496,735.75
2024-01,56377,383.84
2024-01,84117,24.27
2024-01,ALL,306.9
2024-02,10000,266.51
2024-02,10001,428.05
2024-02,10002,301.51
2024-02,10003,456.14
2024-02,10004,189.17
2024-02,10005,139.11
2024-02,10006,104.34
2024-02,10007,152.07
2024-02,10009,279.33
2024-02,10010,461.46
2024-02,10011,373.64
2024-02,10012,285.46
2024-02,10013,376.65
2024-02,10014,327.93
2024-02,10016,417.44
2024-02,10017,511.0
2024-02,10018,253.1
2024-02,10019,501.76
2024-02,10020,722.32
2024-02,10021,310.91
2024-02,10022,530.75
2024-02,10023,602.78
2024-02,10024,358.23
2024-02,10025,739.74
2024-02,10026,283.22
2024-02,10027,283.63
2024-02,10028,462.38
2024-02,10029,330.62
2024-02,10030,267.31
2024-02,10031,280.89
2024-02,10032,260.36
2024-02,10033,285.85
2024-02,10034,187.41
2024-02,10035,421.68
2024-02,10036,414.79
2024-02,10037,275.07
2024-02,10038,174.51
2024-02,10039,319.57
2024-02,10040,238.18
2024-02,10041,178.83
2024-02,10044,179.57
2024-02,10045,0.46
2024-02,10048,1.07
2024-02,10065,463.77
2024-02,10069,90.36
2024-02,10075,347.79
2024-02,10103,2674.49
2024-02,10105,468.12
2024-02,10106,0.48
2024-02,10107,-6.08
2024-02,10110,457.05
2024-02,10111,0.48
2024-02,10112,744.75
2024-02,10115,0.37
2024-02,10118,20.89
2024-02,10119,1336.05
2024-02,10120,0.83
2024-02,10121,1036.68
2024-02,10122,0.28
2024-02,10123,132.58
2024-02,10128,317.13
2024-02,10151,7779.89
2024-02,10152,0.51
2024-02,10153,5475.48
2024-02,10162,44.41
2024-02,10165,13.28
2024-02,10166,0.51
2024-02,10167,1.63
2024-02,10168,-0.81
2024-02,10169,39.6
2024-02,10171,1252.4
2024-02,10172,33.43
2024-02,10173,0.4
2024-02,10174,1.51
2024-02,10176,284.0
2024-02,10178,24.0
2024-02,10179,33.65
2024-02,10271,1.54
2024-02,10278,7.07
2024-02,10279,102.42
2024-02,10280,508.57
2024-02,10281,120.47
2024-02,10282,133.5
2024-02,10301,251.37
2024-02,10302,288.22
2024-02,10303,367.16
2024-02,10304,276.37
2024-02,10305,229.62
2024-02,10306,519.7
2024-02,10307,447.09
2024-02,10308,405.04
2024-02,10309,539.94
2024-02,10310,509.9
2024-02,10312,552.67
2024-02,10314,536.29
2024-02,10451,261.49
2024-02,10452,445.93
2024-02,10453,302.0
2024-02,10454,303.33
2024-02,10455,305.25
2024-02,10456,237.2
2024-02,10457,221.24
2024-02,10458,219.91
2024-02,10459,305.56
2024-02,10460,261.54
2024-02,10461,86.34
2024-02,10462,213.38
2024-02,10463,156.86
2024-02,10464,112.26
2024-02,10465,198.37
2024-02,10466,164.81
2024-02,10467,172.29
2024-02,10468,194.94
2024-02,10469,210.04
2024-02,10470,104.91
2024-02,10471,188.18
2024-02,10472,202.0
2024-02,10473,194.03
2024-02,10474,304.96
2024-02,10475,161.56
2024-02,10804,29.01
2024-02,11001,473.21
2024-02,11004,416.61
2024-02,11005,125.96
2024-02,11040,159.96
2024-02,11101,155.78
2024-02,11102,270.75
2024-02,11103,326.18
2024-02,11104,288.19
2024-02,11105,180.83
2024-02,11106,190.96
2024-02,11109,84.12
2024-02,11201,242.09
2024-02,11203,274.13
2024-02,11204,548.22
2024-02,11205,224.87
2024-02,11206,305.7
2024-02,11207,329.69
2024-02,11208,255.31
2024-02,11209,295.73
2024-02,11210,313.63
2024-02,11211,448.08
2024-02,11212,304.43
2024-02,11213,288.77
2024-02,11214,228.44
2024-02,11215,282.82
2024-02,11216,374.15
2024-02,11217,242.54
2024-02,11218,219.22
2024-02,11219,227.97
2024-02,11220,280.41
2024-02,11221,364.4
2024-02,11222,277.61
2024-02,11223,389.46
2024-02,11224,275.8
2024-02,11225,260.73
2024-02,11226,278.73
2024-02,11228,234.69
2024-02,11229,274.59
2024-02,11230,235.67
2024-02,11231,272.06
2024-02,11232,226.22
2024-02,11233,302.72
2024-02,11234,199.37
2024-02,11235,350.55
2024-02,11236,225.29
2024-02,11237,282.73
2024-02,11238,391.43
2024-02,11239,39.33
2024-02,11241,745.29
2024-02,11249,530.44
2024-02,11251,-6.79
2024-02,11354,321.84
2024-02,11355,229.78
2024-02,11356,165.42
2024-02,11357,339.65
2024-02,11358,324.37
2024-02,11359,7.83
2024-02,11360,226.5
2024-02,11361,332.89
2024-02,11362,365.3
2024-02,11363,128.76
2024-02,11364,316.91
2024-02,11365,194.7
2024-02,11366,45.17
2024-02,11367,250.86
2024-02,11368,198.16
2024-02,11369,296.72
2024-02,11370,206.78
2024-02,11371,421.12
2024-02,11372,228.47
2024-02,11373,181.1
2024-02,11374,155.84
2024-02,11375,159.57
2024-02,11377,184.05
2024-02,11378,144.89
2024-02,11379,354.45
2024-02,11385,236.99
2024-02,11411,227.35
2024-02,11412,225.95
2024-02,11413,275.65
2024-02,11414,609.22
2024-02,11415,248.97
2024-02,11416,250.5
2024-02,11417,230.48
2024-02,11418,185.96
2024-02,11419,407.69
2024-02,11420,285.1
2024-02,11421,158.21
2024-02,11422,319.22
2024-02,11423,268.13
2024-02,11426,502.9
2024-02,11427,210.05
2024-02,11428,340.07
2024-02,11429,256.38
2024-02,11430,1404.7
2024-02,11432,240.48
2024-02,11433,165.42
2024-02,11434,263.51
2024-02,11435,237.0
2024-02,11436,150.9
2024-02,11553,783.89
2024-02,11561,913.93
2024-02,11572,2039.51
2024-02,11691,292.25
2024-02,11692,245.99
2024-02,11693,250.69
2024-02,11694,239.29
2024-02,11697,980.81
2024-02,11735,744.79
2024-02,12345,761.05
2024-02,15212,745.67
2024-02,17110,744.24
2024-02,17606,744.46
2024-02,19034,735.4
2024-02,33394,32.08
2024-02,77478,68.43
2024-02,ALL,285.34
2024-03,07083,746.12
2024-03,07110,30.78
2024-03,07662,915.79
2024-03,07728,23.77
2024-03,10000,492.15
2024-03,10001,412.45
2024-03,10002,224.48
2024-03,10003,535.42
2024-03,10004,71.46
2024-03,10005,209.49
2024-03,10006,137.29
2024-03,10007,273.73
2024-03,10009,789.88
2024-03,10010,380.14
2024-03,10011,432.22
2024-03,10012,329.34
2024-03,10013,228.47
2024-03,10014,312.1
2024-03,10016,385.94
2024-03,10017,476.63
2024-03,10018,346.62
2024-03,10019,442.17
2024-03,10020,1390.31
2024-03,10021,704.83
2024-03,10022,557.42
2024-03,10023,359.32
2024-03,10024,360.97
2024-03,10025,744.87
2024-03,10026,387.02
2024-03,10027,539.73
2024-03,10028,548.32
2024-03,10029,280.54
2024-03,10030,457.97
2024-03,10031,559.09
2024-03,10032,281.54
2024-03,10033,267.82
2024-03,10034,450.27
2024-03,10035,672.5
2024-03,10036,445.68
2024-03,10037,265.1
2024-03,10038,431.97
2024-03,10039,636.59
2024-03,10040,207.65
2024-03,10041,23.24
2024-03,10044,367.09
2024-03,10045,43.54
2024-03,10048,1174.22
2024-03,10055,25.45
2024-03,10065,423.54
2024-03,10069,164.27
2024-03,10075,964.74
2024-03,10103,4178.43
2024-03,10105,596.04
2024-03,10106,1104.52
2024-03,10107,-5.21
2024-03,10110,0.3
2024-03,10111,911.67
2024-03,10112,974.02
2024-03,10115,142.9
2024-03,10118,951.26
2024-03,10119,1977.43
2024-03,10120,0.35
2024-03,10121,942.51
2024-03,10123,3.18
2024-03,10128,283.7
2024-03,10151,7180.3
2024-03,10152,839.23
2024-03,10153,5808.46
2024-03,10154,9.83
2024-03,10158,0.19
2024-03,10165,2.45
2024-03,10167,20.45
2024-03,10168,587.67
2024-03,10169,33.88
2024-03,10170,3.87
2024-03,10171,19.81
2024-03,10172,40.24
2024-03,10174,0.71
2024-03,10175,-10.94
2024-03,10176,32.0
2024-03,10178,137.4
2024-03,10271,-0.25
2024-03,10278,51.54
2024-03,10279,100.88
2024-03,10280,385.44
2024-03,10281,88.49
2024-03,10282,172.71
2024-03,10301,314.54
2024-03,10302,416.93
2024-03,10303,355.88
2024-03,10304,295.41
2024-03,10305,266.3
2024-03,10306,406.07
2024-03,10307,412.05
2024-03,10308,297.37
2024-03,10309,202.89
2024-03,10310,334.36
2024-03,10312,452.02
2024-03,10314,272.54
2024-03,10451,220.09
2024-03,10452,221.03
2024-03,10453,267.89
2024-03,10454,256.5
2024-03,10455,264.01
2024-03,10456,201.8
2024-03,10457,213.54
2024-03,10458,213.37
2024-03,10459,301.97
2024-03,10460,254.75
2024-03,10461,230.46
2024-03,10462,175.86
2024-03,10463,205.36
2024-03,10464,280.94
2024-03,10465,145.37
2024-03,10466,159.43
2024-03,10467,184.76
2024-03,10468,196.69
2024-03,10469,204.59
2024-03,10470,97.7
2024-03,10471,184.39
2024-03,10472,242.2
2024-03,10473,172.2
2024-03,10474,271.3
2024-03,10475,169.71
2024-03,10573,1080.74
2024-03,10956,725.52
2024-03,11001,301.74
2024-03,11004,630.14
2024-03,11005,233.85
2024-03,11040,100.61
2024-03,11096,737.07
2024-03,11101,203.82
2024-03,11102,558.09
2024-03,11103,449.76
2024-03,11104,402.9
2024-03,11105,423.81
2024-03,11106,182.46
2024-03,11109,7.0
2024-03,11201,342.23
2024-03,11203,433.08
2024-03,11204,244.58
2024-03,11205,241.61
2024-03,11206,324.06
2024-03,11207,300.36
2024-03,11208,250.9
2024-03,11209,263.57
2024-03,11210,300.87
2024-03,11211,494.53
2024-03,11212,298.36
2024-03,11213,227.29
2024-03,11214,235.64
2024-03,11215,366.03
2024-03,11216,404.89
2024-03,11217,355.59
2024-03,11218,514.86
2024-03,11219,273.82
2024-03,11220,347.01
2024-03,11221,386.35
2024-03,11222,348.06
2024-03,11223,309.77
2024-03,11224,221.03
2024-03,11225,255.43
2024-03,11226,256.2
2024-03,11228,233.62
2024-03,11229,400.71
2024-03,11230,292.41
2024-03,11231,292.53
2024-03,11232,160.83
2024-03,11233,387.02
2024-03,11234,342.67
2024-03,11235,514.05
2024-03,11236,232.77
2024-03,11237,307.96
2024-03,11238,376.49
2024-03,11239,43.31
2024-03,11241,151.35
2024-03,11242,7.23
2024-03,11249,438.03
2024-03,11251,0.39
2024-03,11354,256.96
2024-03,11355,230.04
2024-03,11356,124.55
2024-03,11357,292.0
2024-03,11358,290.64
2024-03,11359,3.41
2024-03,11360,316.02
2024-03,11361,440.97
2024-03,11362,243.89
2024-03,11363,298.01
2024-03,11364,333.92
2024-03,11365,218.52
2024-03,11366,105.25
2024-03,11367,225.09
2024-03,11368,183.49
2024-03,11369,257.5
2024-03,11370,306.99
2024-03,11371,1023.77
2024-03,11372,282.66
2024-03,11373,171.36
2024-03,11374,193.16
2024-03,11375,271.52
2024-03,11377,161.96
2024-03,11378,194.25
2024-03,11379,417.66
2024-03,11385,269.12
2024-03,11411,258.54
2024-03,11412,257.87
2024-03,11413,335.2
2024-03,11414,353.83
2024-03,11415,278.89
2024-03,11416,286.61
2024-03,11417,302.37
2024-03,11418,309.05
2024-03,11419,296.88
2024-03,11420,356.99
2024-03,11421,102.28
2024-03,11422,279.79
2024-03,11423,229.42
2024-03,11426,575.95
2024-03,11427,245.22
2024-03,11428,229.13
2024-03,11429,180.77
2024-03,11430,1548.2
2024-03,11432,271.0
2024-03,11433,162.49
2024-03,11434,213.55
2024-03,11435,185.84
2024-03,11436,175.29
2024-03,11572,752.32
2024-03,11575,105.93
2024-03,11590,742.87
2024-03,11691,302.63
2024-03,11692,285.21
2024-03,11693,149.57
2024-03,11694,404.82
2024-03,11697,281.67
2024-03,19013,601.53
2024-03,56377,745.47
2024-03,63640,746.8
2024-03,92879,66.49
2024-03,ALL,309.14
2024-04,00083,30.47
2024-04,02184,743.39
2024-04,06468,1671.83
2024-04,07660,356.77
2024-04,10000,166.71
2024-04,10001,966.46
2024-04,10002,607.07
2024-04,10003,547.06
2024-04,10004,1063.14
2024-04,10005,955.69
2024-04,10006,176.85
2024-04,10007,662.19
2024-04,10009,441.55
2024-04,10010,640.81
2024-04,10011,437.72
2024-04,10012,539.66
2024-04,10013,840.09
2024-04,10014,782.27
2024-04,10016,509.32
2024-04,10017,427.9
2024-04,10018,2062.38
2024-04,10019,612.52
2024-04,10020,2584.89
2024-04,10021,534.48
2024-04,10022,638.77
2024-04,10023,365.96
2024-04,10024,455.07
2024-04,10025,707.81
2024-04,10026,532.98
2024-04,10027,605.85
2024-04,10028,865.59
2024-04,10029,362.07
2024-04,10030,321.75
2024-04,10031,512.16
2024-04,10032,384.9
2024-04,10033,336.77
2024-04,10034,375.83
2024-04,10035,808.4
2024-04,10036,881.43
2024-04,10037,666.18
2024-04,10038,1067.58
2024-04,10039,277.67
2024-04,10040,399.01
2024-04,10041,127.13
2024-04,10044,246.19
2024-04,10045,1265.7
2024-04,10065,503.77
2024-04,10069,128.86
2024-04,10075,560.09
2024-04,10103,4409.13
2024-04,10105,818.01
2024-04,10106,7.56
2024-04,10107,-0.3
2024-04,10110,29.6
2024-04,10112,106.54
2024-04,10115,257.49
2024-04,10118,1224.47
2024-04,10119,2320.89
2024-04,10120,0.5
2024-04,10121,914.32
2024-04,10123,8040.77
2024-04,10128,598.97
2024-04,10151,6532.85
2024-04,10153,6037.34
2024-04,10154,1.67
2024-04,10158,-5.74
2024-04,10162,35.02
2024-04,10167,-5.46
2024-04,10168,1884.73
2024-04,10169,4.81
2024-04,10170,6.87
2024-04,10172,0.0
2024-04,10173,0.46
2024-04,10174,0.23
2024-04,10175,0.94
2024-04,10176,0.17
2024-04,10177,3.99
2024-04,10178,0.24
2024-04,10179,111.64
2024-04,10271,247.21
2024-04,10278,10.85
2024-04,10279,204.77
2024-04,10280,183.47
2024-04,10281,208.78
2024-04,10282,108.54
2024-04,10301,446.88
2024-04,10302,416.0
2024-04,10303,220.15
2024-04,10304,357.73
2024-04,10305,308.82
2024-04,10306,568.08
2024-04,10307,345.32
2024-04,10308,559.34
2024-04,10309,321.19
2024-04,10310,558.75
2024-04,10312,579.43
2024-04,10314,578.11
2024-04,10451,560.42
2024-04,10452,260.04
2024-04,10453,256.27
2024-04,10454,1477.95
2024-04,10455,668.29
2024-04,10456,204.9
2024-04,10457,228.13
2024-04,10458,244.09
2024-04,10459,336.0
2024-04,10460,240.47
2024-04,10461,218.75
2024-04,10462,199.96
2024-04,10463,175.82
2024-04,10464,1207.32
2024-04,10465,242.39
2024-04,10466,220.18
2024-04,10467,237.73
2024-04,10468,178.8
2024-04,10469,220.76
2024-04,10470,177.46
2024-04,10471,259.63
2024-04,10472,218.19
2024-04,10473,207.08
2024-04,10474,880.04
2024-04,10475,290.75
2024-04,10601,863.31
2024-04,10701,745.28
2024-04,10705,815.4
2024-04,10803,381.57
2024-04,11001,705.19
2024-04,11004,562.64
2024-04,11005,20.45
2024-04,11021,-10.41
2024-04,11040,245.7
2024-04,11101,236.72
2024-04,11102,327.72
2024-04,11103,238.85
2024-04,11104,339.12
2024-04,11105,351.9
2024-04,11106,260.56
2024-04,11109,343.16
2024-04,11201,571.2
2024-04,11203,331.73
2024-04,11204,444.34
2024-04,11205,296.99
2024-04,11206,360.19
2024-04,11207,357.66
2024-04,11208,292.52
2024-04,11209,318.17
2024-04,11210,303.73
2024-04,11211,568.98
2024-04,11212,660.02
2024-04,11213,272.28
2024-04,11214,276.95
2024-04,11215,470.8
2024-04,11216,489.18
2024-04,11217,280.68
2024-04,11218,822.46
2024-04,11219,321.27
2024-04,11220,377.56
2024-04,11221,415.33
2024-04,11222,368.16
2024-04,11223,364.49
2024-04,11224,224.7
2024-04,11225,322.18
2024-04,11226,343.61
2024-04,11228,429.57
2024-04,11229,899.91
2024-04,11230,427.22
2024-04,11231,322.49
2024-04,11232,234.76
2024-04,11233,385.04
2024-04,11234,375.66
2024-04,11235,369.57
2024-04,11236,317.24
2024-04,11237,326.01
2024-04,11238,374.22
2024-04,11239,47.91
2024-04,11241,1377.44
2024-04,11242,0.67
2024-04,11249,471.38
2024-04,11251,2.68
2024-04,11354,364.84
2024-04,11355,322.05
2024-04,11356,226.99
2024-04,11357,523.47
2024-04,11358,495.02
2024-04,11359,0.03
2024-04,11360,356.18
2024-04,11361,218.79
2024-04,11362,349.55
2024-04,11363,832.27
2024-04,11364,456.3
2024-04,11365,302.59
2024-04,11366,103.28
2024-04,11367,220.38
2024-04,11368,178.29
2024-04,11369,319.32
2024-04,11370,219.13
2024-04,11371,1641.06
2024-04,11372,375.15
2024-04,11373,252.01
2024-04,11374,216.56
2024-04,11375,459.57
2024-04,11377,245.52
2024-04,11378,181.0
2024-04,11379,414.03
2024-04,11385,376.75
2024-04,11411,287.22
2024-04,11412,297.34
2024-04,11413,483.26
2024-04,11414,644.57
2024-04,11415,338.51
2024-04,11416,240.16
2024-04,11417,372.55
2024-04,11418,284.11
2024-04,11419,739.65
2024-04,11420,442.85
2024-04,11421,159.2
2024-04,11422,436.48
2024-04,11423,304.14
2024-04,11426,466.74
2024-04,11427,363.95
2024-04,11428,218.07
2024-04,11429,262.92
2024-04,11430,1867.99
2024-04,11432,274.45
2024-04,11433,215.56
2024-04,11434,324.62
2024-04,11435,186.12
2024-04,11436,285.74
2024-04,11691,271.82
2024-04,11692,312.44
2024-04,11693,284.63
2024-04,11694,437.45
2024-04,11697,217.95
2024-04,11703,735.92
2024-04,11709,794.29
2024-04,11726,27.05
2024-04,11791,99.39
2024-04,11801,794.54
2024-04,12345,0.0
2024-04,14221,735.39
2024-04,17110,741.46
2024-04,19034,745.4
2024-04,55343,763.87
2024-04,55439,410.73
2024-04,76096,237.14
2024-04,92108,783.05
2024-04,95128,21.22
2024-04,ALL,402.94
2024-04,NA,91.53
2024-05,08332,745.04
2024-05,10000,551.8
2024-05,10001,509.22
2024-05,10002,305.26
2024-05,10003,609.34
2024-05,10004,134.4
2024-05,10005,222.8
2024-05,10006,215.46
2024-05,10007,239.2
2024-05,10009,421.89
2024-05,10010,496.21
2024-05,10011,493.69
2024-05,10012,515.76
2024-05,10013,316.65
2024-05,10014,355.03
2024-05,10016,490.13
2024-05,10017,498.97
2024-05,10018,428.82
2024-05,10019,526.95
2024-05,10020,1698.23
2024-05,10021,819.12
2024-05,10022,540.73
2024-05,10023,649.17
2024-05,10024,573.41
2024-05,10025,632.48
2024-05,10026,323.74
2024-05,10027,488.18
2024-05,10028,708.25
2024-05,10029,274.61
2024-05,10030,565.18
2024-05,10031,471.55
2024-05,10032,279.86
2024-05,10033,257.95
2024-05,10034,190.74
2024-05,10035,239.43
2024-05,10036,482.8
2024-05,10037,233.83
2024-05,10038,416.55
2024-05,10039,342.43
2024-05,10040,224.13
2024-05,10041,283.11
2024-05,10044,274.25
2024-05,10045,-1.18
2024-05,10048,716.35
2024-05,10055,0.0
2024-05,10065,587.79
2024-05,10069,128.35
2024-05,10075,519.45
2024-05,10103,2358.06
2024-05,10105,701.14
2024-05,10106,141.57
2024-05,10110,-2.35
2024-05,10111,514.43
2024-05,10112,1176.76
2024-05,10115,0.48
2024-05,10118,9.8
2024-05,10119,1076.09
2024-05,10120,199.91
2024-05,10121,1002.64
2024-05,10122,742.06
2024-05,10123,519.37
2024-05,10128,481.48
2024-05,10151,3857.77
2024-05,10152,1.59
2024-05,10153,5099.65
2024-05,10154,20.86
2024-05,10158,-1.16
2024-05,10162,1065.93
2024-05,10165,3645.2
2024-05,10167,2.94
2024-05,10168,53.27
2024-05,10169,29.28
2024-05,10170,46.01
2024-05,10172,2451.4
2024-05,10173,4389.45
2024-05,10174,-5.72
2024-05,10175,912.59
2024-05,10271,-2.01
2024-05,10278,0.58
2024-05,10279,-0.47
2024-05,10280,204.31
2024-05,10281,643.54
2024-05,10282,174.05
2024-05,10301,298.7
2024-05,10302,331.13
2024-05,10303,279.74
2024-05,10304,401.08
2024-05,10305,340.39
2024-05,10306,676.2
2024-05,10307,541.47
2024-05,10308,638.57
2024-05,10309,361.24
2024-05,10310,465.99
2024-05,10312,494.58
2024-05,10314,497.68
2024-05,10451,456.25
2024-05,10452,213.08
2024-05,10453,195.29
2024-05,10454,232.27
2024-05,10455,336.85
2024-05,10456,164.26
2024-05,10457,185.13
2024-05,10458,234.82
2024-05,10459,267.32
2024-05,10460,215.25
2024-05,10461,259.87
2024-05,10462,227.88
2024-05,10463,226.16
2024-05,10464,238.95
2024-05,10465,252.57
2024-05,10466,201.2
2024-05,10467,204.39
2024-05,10468,175.88
2024-05,10469,266.64
2024-05,10470,116.58
2024-05,10471,280.67
2024-05,10472,233.23
2024-05,10473,204.96
2024-05,10474,239.87
2024-05,10475,228.35
2024-05,11001,628.88
2024-05,11003,28.6
2024-05,11004,1003.74
2024-05,11005,296.89
2024-05,11040,845.47
2024-05,11101,295.28
2024-05,11102,437.45
2024-05,11103,605.84
2024-05,11104,421.62
2024-05,11105,447.43
2024-05,11106,288.85
2024-05,11109,175.4
2024-05,11201,510.75
2024-05,11203,486.85
2024-05,11204,413.32
2024-05,11205,261.81
2024-05,11206,442.78
2024-05,11207,357.95
2024-05,11208,250.85
2024-05,11209,427.77
2024-05,11210,459.8
2024-05,11211,486.01
2024-05,11212,433.15
2024-05,11213,358.63
2024-05,11214,683.18
2024-05,11215,460.3
2024-05,11216,572.18
2024-05,11217,389.04
2024-05,11218,450.29
2024-05,11219,420.77
2024-05,11220,350.1
2024-05,11221,501.11
2024-05,11222,384.83
2024-05,11223,260.94
2024-05,11224,296.43
2024-05,11225,358.68
2024-05,11226,288.66
2024-05,11228,460.04
2024-05,11229,568.04
2024-05,11230,435.93
2024-05,11231,380.15
2024-05,11232,277.84
2024-05,11233,501.91
2024-05,11234,557.85
2024-05,11235,386.67
2024-05,11236,390.87
2024-05,11237,297.39
2024-05,11238,442.14
2024-05,11239,58.06
2024-05,11241,2507.52
2024-05,11242,505.42
2024-05,11249,501.09
2024-05,11251,0.74
2024-05,11354,416.94
2024-05,11355,360.27
2024-05,11356,270.06
2024-05,11357,395.69
2024-05,11358,498.4
2024-05,11359,179.12
2024-05,11360,306.24
2024-05,11361,385.05
2024-05,11362,698.2
2024-05,11363,774.13
2024-05,11364,356.44
2024-05,11365,393.37
2024-05,11366,232.04
2024-05,11367,326.57
2024-05,11368,200.74
2024-05,11369,371.56
2024-05,11370,365.81
2024-05,11371,1315.97
2024-05,11372,356.76
2024-05,11373,246.22
2024-05,11374,234.67
2024-05,11375,505.05
2024-05,11377,232.28
2024-05,11378,170.68
2024-05,11379,548.91
2024-05,11385,383.63
2024-05,11411,386.28
2024-05,11412,412.87
2024-05,11413,540.14
2024-05,11414,643.44
2024-05,11415,584.47
2024-05,11416,281.29
2024-05,11417,319.22
2024-05,11418,364.2
2024-05,11419,575.19
2024-05,11420,369.81
2024-05,11421,193.6
2024-05,11422,389.98
2024-05,11423,431.81
2024-05,11426,528.42
2024-05,11427,570.0
2024-05,11428,271.88
2024-05,11429,423.88
2024-05,11430,1876.14
2024-05,11432,289.0
2024-05,11433,306.86
2024-05,11434,382.68
2024-05,11435,317.13
2024-05,11436,370.66
2024-05,11520,746.02
2024-05,1155,783.31
2024-05,11581,791.52
2024-05,11691,324.7
2024-05,11692,288.63
2024-05,11693,188.43
2024-05,11694,535.77
2024-05,11697,80.1
2024-05,11714,735.76
2024-05,11743,687.31
2024-05,11791,383.35
2024-05,11798,0.74
2024-05,12345,-9.51
2024-05,13850,30.06
2024-05,14580,741.0
2024-05,19428,1656.38
2024-05,33021,746.97
2024-05,3361,1407.81
2024-05,33614,743.33
2024-05,37068,1622.78
2024-05,48125,762.97
2024-05,55433,739.96
2024-05,84117,789.83
2024-05,85252,26.77
2024-05,92108,745.98
2024-05,ALL,374.47
2024-06,00000,71.48
2024-06,07078,735.43
2024-06,08050,1370.18
2024-06,08527,767.99
2024-06,10000,508.79
2024-06,10001,543.22
2024-06,10002,375.45
2024-06,10003,808.13
2024-06,10004,101.01
2024-06,10005,214.0
2024-06,10006,133.23
2024-06,10007,213.19
2024-06,10009,433.38
2024-06,10010,577.79
2024-06,10011,326.89
2024-06,10012,584.55
2024-06,10013,635.15
2024-06,10014,519.96
2024-06,10016,573.78
2024-06,10017,489.92
2024-06,10018,399.87
2024-06,10019,510.48
2024-06,10020,1492.04
2024-06,10021,760.56
2024-06,10022,683.66
2024-06,10023,670.08
2024-06,10024,422.39
2024-06,10025,584.19
2024-06,10026,285.37
2024-06,10027,460.93
2024-06,10028,481.16
2024-06,10029,210.45
2024-06,10030,257.86
2024-06,10031,203.94
2024-06,10032,234.07
2024-06,10033,208.44
2024-06,10034,120.07
2024-06,10035,281.55
2024-06,10036,568.94
2024-06,10037,330.82
2024-06,10038,286.7
2024-06,10039,303.95
2024-06,10040,137.27
2024-06,10041,1394.05
2024-06,10044,284.88
2024-06,10045,24.65
2024-06,10048,25.77
2024-06,10065,540.95
2024-06,10069,135.1
2024-06,10075,553.94
2024-06,10103,3611.86
2024-06,10105,2254.03
2024-06,10106,32.38
2024-06,10107,104.8
2024-06,10110,-1.95
2024-06,10112,1674.25
2024-06,10115,0.46
2024-06,10118,6.48
2024-06,10119,2138.22
2024-06,10120,-1.89
2024-06,10121,1226.36
2024-06,10123,924.84
2024-06,10128,442.3
2024-06,10151,1403.26
2024-06,10153,3259.17
2024-06,10158,0.31
2024-06,10162,2678.46
2024-06,10165,2179.72
2024-06,10166,51.03
2024-06,10168,620.62
2024-06,10169,36.36
2024-06,10172,1.78
2024-06,10173,5.37
2024-06,10174,1.06
2024-06,10175,2074.12
2024-06,10176,0.81
2024-06,10177,1163.01
2024-06,10178,-5.1
2024-06,10179,0.89
2024-06,10271,1.46
2024-06,10278,49.7
2024-06,10279,2181.58
2024-06,10280,414.89
2024-06,10281,533.93
2024-06,10282,167.06
2024-06,10301,346.07
2024-06,10302,512.8
2024-06,10303,369.09
2024-06,10304,391.22
2024-06,10305,338.63
2024-06,10306,568.18
2024-06,10307,384.08
2024-06,10308,463.82
2024-06,10309,209.67
2024-06,10310,389.93
2024-06,10312,443.9
2024-06,10314,425.36
2024-06,10451,249.16
2024-06,10452,173.44
2024-06,10453,190.27
2024-06,10454,316.59
2024-06,10455,275.76
2024-06,10456,170.72
2024-06,10457,163.31
2024-06,10458,204.16
2024-06,10459,244.37
2024-06,10460,189.3
2024-06,10461,278.18
2024-06,10462,217.86
2024-06,10463,247.03
2024-06,10464,189.08
2024-06,10465,199.87
2024-06,10466,123.01
2024-06,10467,190.8
2024-06,10468,147.33
2024-06,10469,251.64
2024-06,10470,150.17
2024-06,10471,166.36
2024-06,10472,193.94
2024-06,10473,212.76
2024-06,10474,146.29
2024-06,10475,273.04
2024-06,10550,786.56
2024-06,11001,570.64
2024-06,11004,892.19
2024-06,11005,113.1
2024-06,11040,763.72
2024-06,11101,298.6
2024-06,11102,387.27
2024-06,11103,635.19
2024-06,11104,423.87
2024-06,11105,444.88
2024-06,11106,423.57
2024-06,11109,83.88
2024-06,11201,545.22
2024-06,11203,408.23
2024-06,11204,514.22
2024-06,11205,240.14
2024-06,11206,379.71
2024-06,11207,335.63
2024-06,11208,368.54
2024-06,11209,449.7
2024-06,11210,635.69
2024-06,11211,518.91
2024-06,11212,648.86
2024-06,11213,330.87
2024-06,11214,367.83
2024-06,11215,662.3
2024-06,11216,509.77
2024-06,11217,423.82
2024-06,11218,506.23
2024-06,11219,398.52
2024-06,11220,546.5
2024-06,11221,403.39
2024-06,11222,439.42
2024-06,11223,394.97
2024-06,11224,284.73
2024-06,11225,314.49
2024-06,11226,343.5
2024-06,11228,628.41
2024-06,11229,465.23
2024-06,11230,569.59
2024-06,11231,245.02
2024-06,11232,335.83
2024-06,11233,411.09
2024-06,11234,701.09
2024-06,11235,456.04
2024-06,11236,377.0
2024-06,11237,316.55
2024-06,11238,406.95
2024-06,11239,56.57
2024-06,11241,0.8
2024-06,11242,30.06
2024-06,11249,458.83
2024-06,11251,48.15
2024-06,11354,265.91
2024-06,11355,387.93
2024-06,11356,284.33
2024-06,11357,551.52
2024-06,11358,591.67
2024-06,11359,55.27
2024-06,11360,428.84
2024-06,11361,603.74
2024-06,11362,464.35
2024-06,11363,487.47
2024-06,11364,516.14
2024-06,11365,648.41
2024-06,11366,136.71
2024-06,11367,502.62
2024-06,11368,219.65
2024-06,11369,442.32
2024-06,11370,325.25
2024-06,11371,24.73
2024-06,11372,441.95
2024-06,11373,316.02
2024-06,11374,454.27
2024-06,11375,459.49
2024-06,11377,290.55
2024-06,11378,195.9
2024-06,11379,595.69
2024-06,11385,418.22
2024-06,11411,687.84
2024-06,11412,508.83
2024-06,11413,413.97
2024-06,11414,606.13
2024-06,11415,419.36
2024-06,11416,267.14
2024-06,11417,330.12
2024-06,11418,253.22
2024-06,11419,422.29
2024-06,11420,373.13
2024-06,11421,172.76
2024-06,11422,607.08
2024-06,11423,411.88
2024-06,11426,677.22
2024-06,11427,250.75
2024-06,11428,337.84
2024-06,11429,396.16
2024-06,11430,1942.61
2024-06,11432,242.44
2024-06,11433,502.83
2024-06,11434,415.16
2024-06,11435,371.0
2024-06,11436,404.93
2024-06,11691,368.0
2024-06,11692,298.24
2024-06,11693,253.31
2024-06,11694,442.62
2024-06,11695,60.16
2024-06,11697,292.54
2024-06,11780,746.63
2024-06,11791,379.54
2024-06,12345,26.7
2024-06,17110,739.6
2024-06,18642,47.7
2024-06,33614,744.75
2024-06,40202,760.89
2024-06,63045,1623.2
2024-06,84058,736.31
2024-06,89156,23.28
2024-06,ALL,368.83
2024-07,0000,1.4
2024-07,00000,30.6
2024-07,00083,1.83
2024-07,08690,1057.75
2024-07,10000,345.62
2024-07,10001,340.73
2024-07,10002,243.24
2024-07,10003,429.81
2024-07,10004,103.17
2024-07,10005,88.64
2024-07,10006,26.39
2024-07,10007,212.13
2024-07,10009,337.62
2024-07,10010,427.23
2024-07,10011,312.03
2024-07,10012,419.34
2024-07,10013,326.17
2024-07,10014,352.3
2024-07,10016,277.84
2024-07,10017,370.25
2024-07,10018,463.08
2024-07,10019,432.62
2024-07,10020,405.34
2024-07,10021,388.0
2024-07,10022,602.51
2024-07,10023,372.94
2024-07,10024,393.31
2024-07,10025,533.47
2024-07,10026,273.73
2024-07,10027,301.75
2024-07,10028,359.38
2024-07,10029,161.89
2024-07,10030,202.92
2024-07,10031,206.7
2024-07,10032,390.57
2024-07,10033,329.44
2024-07,10034,130.16
2024-07,10035,251.4
2024-07,10036,533.98
2024-07,10037,387.98
2024-07,10038,209.57
2024-07,10039,320.29
2024-07,10040,185.76
2024-07,10041,214.83
2024-07,10044,219.02
2024-07,10045,49.06
2024-07,10048,38.47
2024-07,10055,173.2
2024-07,10065,351.86
2024-07,10069,371.03
2024-07,10075,247.54
2024-07,10080,-10.6
2024-07,10103,2851.3
2024-07,10105,929.96
2024-07,10106,104.48
2024-07,10107,21.73
2024-07,10110,1.56
2024-07,10111,54.76
2024-07,10112,1437.92
2024-07,10115,1117.12
2024-07,10118,685.62
2024-07,10119,237.11
2024-07,10120,0.74
2024-07,10121,924.96
2024-07,10123,33.41
2024-07,10128,275.26
2024-07,10151,0.87
2024-07,10152,1.29
2024-07,10153,2152.15
2024-07,10154,11.01
2024-07,10155,1621.71
2024-07,10158,0.25
2024-07,10162,79.5
2024-07,10165,1434.03
2024-07,10166,12.11
2024-07,10167,23.01
2024-07,10168,548.74
2024-07,10169,53.35
2024-07,10170,550.64
2024-07,10172,448.47
2024-07,10173,144.62
2024-07,10174,36.7
2024-07,10175,1.03
2024-07,10176,0.68
2024-07,10178,791.7
2024-07,10179,17.67
2024-07,10271,1.55
2024-07,10278,11.58
2024-07,10279,0.67
2024-07,10280,109.05
2024-07,10281,115.14
2024-07,10282,238.11
2024-07,10301,296.32
2024-07,10302,324.78
2024-07,10303,266.93
2024-07,10304,304.35
2024-07,10305,288.0
2024-07,10306,394.58
2024-07,10307,441.25
2024-07,10308,483.8
2024-07,10309,228.41
2024-07,10310,331.48
2024-07,10312,328.38
2024-07,10314,433.0
2024-07,10451,306.46
2024-07,10452,159.15
2024-07,10453,208.5
2024-07,10454,181.92
2024-07,10455,193.64
2024-07,10456,191.79
2024-07,10457,200.45
2024-07,10458,189.39
2024-07,10459,202.77
2024-07,10460,217.76
2024-07,10461,288.46
2024-07,10462,292.89
2024-07,10463,251.23
2024-07,10464,259.26
2024-07,10465,215.72
2024-07,10466,132.71
2024-07,10467,226.3
2024-07,10468,149.61
2024-07,10469,199.34
2024-07,10470,226.32
2024-07,10471,180.9
2024-07,10472,172.1
2024-07,10473,166.83
2024-07,10474,270.26
2024-07,10475,244.55
2024-07,10577,21.78
2024-07,10956,-1.61
2024-07,11001,790.34
2024-07,11004,881.25
2024-07,11005,370.8
2024-07,11010,786.17
2024-07,11040,925.56
2024-07,11101,293.87
2024-07,11102,477.19
2024-07,11103,375.14
2024-07,11104,647.76
2024-07,11105,542.73
2024-07,11106,330.85
2024-07,11109,93.74
2024-07,11201,572.53
2024-07,11203,373.16
2024-07,11204,575.69
2024-07,11205,360.98
2024-07,11206,314.72
2024-07,11207,329.89
2024-07,11208,260.14
2024-07,11209,364.12
2024-07,11210,420.8
2024-07,11211,404.79
2024-07,11212,368.73
2024-07,11213,317.52
2024-07,11214,320.6
2024-07,11215,848.55
2024-07,11216,400.26
2024-07,11217,451.72
2024-07,11218,396.51
2024-07,11219,419.82
2024-07,11220,404.38
2024-07,11221,312.16
2024-07,11222,408.69
2024-07,11223,315.62
2024-07,11224,245.85
2024-07,11225,364.52
2024-07,11226,323.06
2024-07,11228,431.45
2024-07,11229,685.83
2024-07,11230,462.37
2024-07,11231,319.43
2024-07,11232,282.38
2024-07,11233,343.46
2024-07,11234,417.34
2024-07,11235,544.68
2024-07,11236,345.28
2024-07,11237,384.23
2024-07,11238,448.96
2024-07,11239,32.15
2024-07,11242,30.44
2024-07,11249,431.35
2024-07,11251,15.12
2024-07,11354,340.52
2024-07,11355,352.83
2024-07,11356,382.62
2024-07,11357,504.48
2024-07,11358,667.79
2024-07,11359,137.12
2024-07,11360,503.36
2024-07,11361,517.55
2024-07,11362,807.97
2024-07,11363,393.58
2024-07,11364,588.38
2024-07,11365,382.44
2024-07,11366,137.43
2024-07,11367,431.69
2024-07,11368,191.88
2024-07,11369,386.46
2024-07,11370,347.51
2024-07,11371,983.72
2024-07,11372,303.6
2024-07,11373,272.36
2024-07,11374,474.85
2024-07,11375,408.86
2024-07,11377,277.26
2024-07,11378,218.09
2024-07,11379,367.52
2024-07,11385,440.21
2024-07,11411,445.88
2024-07,11412,312.85
2024-07,11413,546.88
2024-07,11414,414.43
2024-07,11415,431.99
2024-07,11416,274.0
2024-07,11417,357.37
2024-07,11418,310.12
2024-07,11419,563.84
2024-07,11420,430.44
2024-07,11421,170.56
2024-07,11422,563.07
2024-07,11423,375.29
2024-07,11426,860.26
2024-07,11427,515.3
2024-07,11428,886.14
2024-07,11429,447.22
2024-07,11430,1775.84
2024-07,11432,188.33
2024-07,11433,333.25
2024-07,11434,307.26
2024-07,11435,280.84
2024-07,11436,254.82
2024-07,11691,356.04
2024-07,11692,295.66
2024-07,11693,288.63
2024-07,11694,784.54
2024-07,11697,255.76
2024-07,11747,789.6
2024-07,11767,786.57
2024-07,19013,735.61
2024-07,19034,745.43
2024-07,35244,738.17
2024-07,38153,784.86
2024-07,55439,840.41
2024-07,77491,97.37
2024-07,84043,24.69
2024-07,84117,793.43
2024-07,91356,745.86
2024-07,91744,768.61
2024-07,ALL,331.96
2024-08,02062,788.23
2024-08,07660,47.8
2024-08,10000,390.5
2024-08,10001,400.09
2024-08,10002,365.1
2024-08,10003,362.48
2024-08,10004,129.78
2024-08,10005,322.91
2024-08,10006,142.52
2024-08,10007,146.81
2024-08,10009,277.53
2024-08,10010,348.53
2024-08,10011,292.8
2024-08,10012,333.14
2024-08,10013,323.01
2024-08,10014,308.17
2024-08,10016,407.87
2024-08,10017,474.68
2024-08,10018,203.68
2024-08,10019,423.77
2024-08,10020,1220.7
2024-08,10021,389.39
2024-08,10022,481.92
2024-08,10023,572.55
2024-08,10024,331.45
2024-08,10025,412.55
2024-08,10026,258.67
2024-08,10027,296.66
2024-08,10028,392.34
2024-08,10029,194.3
2024-08,10030,204.29
2024-08,10031,185.93
2024-08,10032,182.48
2024-08,10033,179.97
2024-08,10034,147.29
2024-08,10035,225.65
2024-08,10036,328.3
2024-08,10037,337.75
2024-08,10038,331.7
2024-08,10039,235.34
2024-08,10040,135.78
2024-08,10041,11.95
2024-08,10044,322.89
2024-08,10045,194.89
2024-08,10065,305.71
2024-08,10069,210.88
2024-08,10075,333.85
2024-08,10080,-10.72
2024-08,10103,1369.98
2024-08,10105,141.82
2024-08,10107,4.9
2024-08,10110,1.44
2024-08,10111,1268.88
2024-08,10112,-10.71
2024-08,10115,25.28
2024-08,10118,174.27
2024-08,10119,1849.72
2024-08,10120,-1.29
2024-08,10121,1109.0
2024-08,10123,1.58
2024-08,10128,281.46
2024-08,10151,1.81
2024-08,10152,22.04
2024-08,10153,2625.57
2024-08,10154,4.47
2024-08,10158,0.27
2024-08,10162,0.0
2024-08,10165,7.38
2024-08,10167,0.05
2024-08,10168,977.83
2024-08,10169,83.17
2024-08,10170,2.01
2024-08,10171,1857.11
2024-08,10172,750.91
2024-08,10173,75.37
2024-08,10174,1193.72
2024-08,10176,4.31
2024-08,10178,624.68
2024-08,10271,-2.07
2024-08,10278,31.42
2024-08,10279,74.4
2024-08,10280,513.39
2024-08,10281,247.88
2024-08,10282,134.78
2024-08,10301,305.26
2024-08,10302,341.9
2024-08,10303,293.97
2024-08,10304,341.59
2024-08,10305,318.92
2024-08,10306,396.36
2024-08,10307,277.8
2024-08,10308,507.5
2024-08,10309,202.85
2024-08,10310,519.53
2024-08,10312,355.26
2024-08,10314,398.77
2024-08,10451,228.91
2024-08,10452,247.17
2024-08,10453,209.18
2024-08,10454,183.51
2024-08,10455,183.53
2024-08,10456,201.64
2024-08,10457,181.16
2024-08,10458,215.83
2024-08,10459,257.31
2024-08,10460,185.56
2024-08,10461,487.91
2024-08,10462,248.45
2024-08,10463,197.25
2024-08,10464,316.83
2024-08,10465,231.1
2024-08,10466,123.81
2024-08,10467,248.35
2024-08,10468,175.6
2024-08,10469,271.34
2024-08,10470,205.62
2024-08,10471,203.79
2024-08,10472,197.02
2024-08,10473,174.69
2024-08,10474,240.58
2024-08,10475,231.67
2024-08,11001,692.4
2024-08,11004,614.1
2024-08,11005,1.41
2024-08,11010,738.29
2024-08,11021,72.09
2024-08,11040,339.44
2024-08,11101,256.57
2024-08,11102,392.16
2024-08,11103,293.35
2024-08,11104,405.74
2024-08,11105,503.49
2024-08,11106,291.38
2024-08,11109,197.91
2024-08,11201,311.6
2024-08,11203,327.51
2024-08,11204,362.14
2024-08,11205,228.41
2024-08,11206,299.22
2024-08,11207,262.37
2024-08,11208,235.89
2024-08,11209,394.4
2024-08,11210,368.62
2024-08,11211,372.9
2024-08,11212,250.64
2024-08,11213,280.9
2024-08,11214,284.36
2024-08,11215,418.95
2024-08,11216,266.51
2024-08,11217,329.88
2024-08,11218,381.34
2024-08,11219,333.79
2024-08,11220,349.58
2024-08,11221,287.42
2024-08,11222,293.06
2024-08,11223,355.64
2024-08,11224,194.96
2024-08,11225,284.4
2024-08,11226,240.04
2024-08,11228,403.34
2024-08,11229,385.13
2024-08,11230,352.99
2024-08,11231,361.76
2024-08,11232,214.99
2024-08,11233,258.9
2024-08,11234,402.51
2024-08,11235,262.23
2024-08,11236,285.36
2024-08,11237,228.14
2024-08,11238,306.12
2024-08,11239,49.21
2024-08,11241,3.43
2024-08,11242,1.52
2024-08,11249,384.74
2024-08,11354,284.98
2024-08,11355,304.55
2024-08,11356,214.14
2024-08,11357,398.8
2024-08,11358,493.75
2024-08,11359,592.6
2024-08,11360,426.72
2024-08,11361,316.55
2024-08,11362,561.12
2024-08,11363,437.85
2024-08,11364,436.19
2024-08,11365,389.51
2024-08,11366,169.84
2024-08,11367,420.46
2024-08,11368,186.82
2024-08,11369,319.56
2024-08,11370,300.22
2024-08,11371,322.86
2024-08,11372,219.48
2024-08,11373,196.9
2024-08,11374,259.78
2024-08,11375,281.6
2024-08,11377,251.06
2024-08,11378,172.07
2024-08,11379,444.84
2024-08,11385,336.35
2024-08,11411,479.65
2024-08,11412,282.98
2024-08,11413,352.35
2024-08,11414,655.38
2024-08,11415,323.27
2024-08,11416,275.54
2024-08,11417,288.9
2024-08,11418,234.96
2024-08,11419,384.89
2024-08,11420,322.51
2024-08,11421,229.16
2024-08,11422,475.13
2024-08,11423,359.62
2024-08,11426,742.64
2024-08,11427,475.73
2024-08,11428,328.57
2024-08,11429,404.96
2024-08,11430,1463.59
2024-08,11432,213.2
2024-08,11433,305.8
2024-08,11434,299.72
2024-08,11435,269.65
2024-08,11436,361.55
2024-08,11542,738.29
2024-08,11561,50.11
2024-08,11590,308.68
2024-08,11691,234.53
2024-08,11692,322.96
2024-08,11693,198.62
2024-08,11694,499.73
2024-08,11695,2711.2
2024-08,11697,108.49
2024-08,11706,770.42
2024-08,11716,793.99
2024-08,11749,50.99
2024-08,12065,494.03
2024-08,14215,735.86
2024-08,17111,786.21
2024-08,19082,31.04
2024-08,28201,787.93
2024-08,46250,736.98
2024-08,50613,737.2
2024-08,61265,744.29
2024-08,75065,784.9
2024-08,89113,742.93
2024-08,ALL,287.87
2024-09,10000,384.86
2024-09,10001,305.73
2024-09,10002,210.1
2024-09,10003,298.15
2024-09,10004,66.82
2024-09,10005,144.14
2024-09,10006,66.95
2024-09,10007,188.41
2024-09,10009,224.21
2024-09,10010,308.75
2024-09,10011,289.44
2024-09,10012,236.79
2024-09,10013,143.86
2024-09,10014,203.42
2024-09,10016,449.32
2024-09,10017,258.91
2024-09,10018,227.03
2024-09,10019,239.78
2024-09,10020,871.53
2024-09,10021,522.97
2024-09,10022,386.17
2024-09,10023,363.55
2024-09,10024,199.18
2024-09,10025,265.37
2024-09,10026,176.56
2024-09,10027,186.97
2024-09,10028,315.29
2024-09,10029,170.31
2024-09,10030,172.11
2024-09,10031,143.79
2024-09,10032,163.69
2024-09,10033,158.78
2024-09,10034,111.51
2024-09,10035,174.74
2024-09,10036,240.9
2024-09,10037,213.7
2024-09,10038,202.98
2024-09,10039,187.82
2024-09,10040,100.45
2024-09,10041,14.46
2024-09,10044,322.08
2024-09,10045,1.16
2024-09,10048,25.65
2024-09,10065,292.83
2024-09,10069,107.35
2024-09,10075,427.5
2024-09,10080,1.97
2024-09,10103,545.5
2024-09,10105,935.39
2024-09,10106,316.74
2024-09,10107,33.9
2024-09,10110,5.0
2024-09,10111,338.62
2024-09,10112,454.13
2024-09,10115,1.12
2024-09,10118,1.22
2024-09,10119,377.82
2024-09,10120,195.82
2024-09,10121,550.63
2024-09,10123,1.37
2024-09,10128,214.59
2024-09,10151,14.72
2024-09,10152,1851.71
2024-09,10153,1849.0
2024-09,10154,18.18
2024-09,10155,0.36
2024-09,10158,0.14
2024-09,10162,24.83
2024-09,10165,0.65
2024-09,10166,1.59
2024-09,10167,42.86
2024-09,10168,195.13
2024-09,10169,196.64
2024-09,10170,0.29
2024-09,10171,-6.87
2024-09,10172,587.55
2024-09,10173,1028.6
2024-09,10174,200.38
2024-09,10175,1.43
2024-09,10176,-3.01
2024-09,10178,-10.21
2024-09,10271,20.72
2024-09,10278,591.06
2024-09,10279,13.03
2024-09,10280,382.62
2024-09,10281,19.04
2024-09,10282,79.16
2024-09,10301,239.7
2024-09,10302,370.02
2024-09,10303,330.35
2024-09,10304,222.05
2024-09,10305,333.28
2024-09,10306,434.61
2024-09,10307,364.91
2024-09,10308,536.79
2024-09,10309,306.76
2024-09,10310,251.98
2024-09,10312,320.3
2024-09,10314,341.03
2024-09,10451,176.77
2024-09,10452,163.2
2024-09,10453,164.83
2024-09,10454,182.12
2024-09,10455,176.3
2024-09,10456,152.97
2024-09,10457,165.07
2024-09,10458,169.9
2024-09,10459,180.06
2024-09,10460,160.05
2024-09,10461,214.26
2024-09,10462,236.35
2024-09,10463,153.48
2024-09,10464,240.0
2024-09,10465,213.78
2024-09,10466,24.23
2024-09,10467,164.31
2024-09,10468,155.51
2024-09,10469,249.71
2024-09,10470,169.64
2024-09,10471,194.09
2024-09,10472,184.33
2024-09,10473,136.33
2024-09,10474,146.61
2024-09,10475,171.76
2024-09,10803,166.08
2024-09,11001,489.63
2024-09,11004,568.63
2024-09,11005,25.65
2024-09,11040,401.76
2024-09,11101,199.52
2024-09,11102,394.31
2024-09,11103,191.12
2024-09,11104,284.13
2024-09,11105,302.23
2024-09,11106,381.2
2024-09,11109,41.26
2024-09,11201,275.9
2024-09,11203,239.1
2024-09,11204,315.9
2024-09,11205,156.69
2024-09,11206,245.75
2024-09,11207,205.79
2024-09,11208,188.79
2024-09,11209,274.15
2024-09,11210,276.26
2024-09,11211,336.42
2024-09,11212,178.07
2024-09,11213,245.05
2024-09,11214,186.36
2024-09,11215,339.03
2024-09,11216,233.88
2024-09,11217,257.26
2024-09,11218,268.25
2024-09,11219,239.97
2024-09,11220,279.71
2024-09,11221,217.07
2024-09,11222,201.06
2024-09,11223,254.38
2024-09,11224,136.34
2024-09,11225,204.78
2024-09,11226,197.22
2024-09,11228,321.9
2024-09,11229,557.44
2024-09,11230,256.14
2024-09,11231,335.73
2024-09,11232,111.13
2024-09,11233,225.09
2024-09,11234,213.51
2024-09,11235,177.88
2024-09,11236,181.7
2024-09,11237,214.02
2024-09,11238,226.95
2024-09,11239,35.78
2024-09,11241,22.16
2024-09,11249,460.52
2024-09,11354,321.68
2024-09,11355,310.61
2024-09,11356,182.84
2024-09,11357,286.44
2024-09,11358,329.55
2024-09,11359,50.04
2024-09,11360,257.21
2024-09,11361,283.56
2024-09,11362,454.87
2024-09,11363,748.84
2024-09,11364,341.28
2024-09,11365,349.55
2024-09,11366,116.73
2024-09,11367,286.75
2024-09,11368,156.95
2024-09,11369,248.34
2024-09,11370,290.03
2024-09,11371,24.88
2024-09,11372,265.22
2024-09,11373,178.58
2024-09,11374,238.73
2024-09,11375,173.26
2024-09,11377,190.41
2024-09,11378,157.27
2024-09,11379,288.87
2024-09,11385,315.87
2024-09,11411,290.38
2024-09,11412,248.64
2024-09,11413,328.86
2024-09,11414,545.73
2024-09,11415,318.81
2024-09,11416,224.1
2024-09,11417,235.77
2024-09,11418,169.35
2024-09,11419,425.07
2024-09,11420,264.96
2024-09,11421,164.86
2024-09,11422,324.58
2024-09,11423,275.5
2024-09,11426,423.88
2024-09,11427,377.47
2024-09,11428,299.31
2024-09,11429,345.78
2024-09,11430,879.4
2024-09,11432,163.23
2024-09,11433,184.14
2024-09,11434,246.05
2024-09,11435,162.16
2024-09,11436,182.98
2024-09,11580,746.86
2024-09,11590,737.1
2024-09,11691,225.71
2024-09,11692,154.34
2024-09,11693,327.35
2024-09,11694,373.02
2024-09,11697,158.65
2024-09,11743,96.53
2024-09,12345,9.22
2024-09,12747,738.64
2024-09,15212,746.6
2024-09,18508,26.99
2024-09,29603,745.34
2024-09,49204,406.36
2024-09,92108,743.53
2024-09,ALL,220.4
2024-10,00083,0.62
2024-10,07002,74.03
2024-10,07080,927.97
2024-10,07470,745.59
2024-10,10000,649.41
2024-10,10001,299.27
2024-10,10002,198.29
2024-10,10003,306.43
2024-10,10004,98.48
2024-10,10005,210.61
2024-10,10006,69.99
2024-10,10007,135.12
2024-10,10009,255.99
2024-10,10010,275.98
2024-10,10011,304.22
2024-10,10012,213.37
2024-10,10013,161.06
2024-10,10014,222.03
2024-10,10016,346.31
2024-10,10017,263.44
2024-10,10018,227.58
2024-10,10019,239.06
2024-10,10020,626.43
2024-10,10021,535.07
2024-10,10022,333.74
2024-10,10023,809.61
2024-10,10024,240.29
2024-10,10025,239.38
2024-10,10026,184.93
2024-10,10027,261.22
2024-10,10028,232.03
2024-10,10029,210.5
2024-10,10030,218.69
2024-10,10031,150.04
2024-10,10032,266.66
2024-10,10033,173.58
2024-10,10034,119.42
2024-10,10035,216.17
2024-10,10036,297.54
2024-10,10037,271.68
2024-10,10038,176.11
2024-10,10039,209.72
2024-10,10040,145.24
2024-10,10041,192.96
2024-10,10044,371.18
2024-10,10065,195.34
2024-10,10069,47.88
2024-10,10075,363.47
2024-10,10103,552.62
2024-10,10105,967.86
2024-10,10107,8.48
2024-10,10110,195.32
2024-10,10111,14.41
2024-10,10112,2533.4
2024-10,10118,2.33
2024-10,10119,7.99
2024-10,10120,1.03
2024-10,10121,873.33
2024-10,10123,12.57
2024-10,10128,242.92
2024-10,10151,1036.78
2024-10,10153,1487.27
2024-10,10154,5.48
2024-10,10155,553.82
2024-10,10158,0.62
2024-10,10162,15.41
2024-10,10165,0.0
2024-10,10167,1.49
2024-10,10168,233.18
2024-10,10169,267.86
2024-10,10170,699.15
2024-10,10171,308.0
2024-10,10172,2809.73
2024-10,10173,4.72
2024-10,10174,-3.95
2024-10,10175,-10.21
2024-10,10176,0.54
2024-10,10177,46.71
2024-10,10178,4.99
2024-10,10271,781.5
2024-10,10278,6.07
2024-10,10279,158.49
2024-10,10280,757.43
2024-10,10281,20.42
2024-10,10282,111.44
2024-10,10301,209.29
2024-10,10302,169.01
2024-10,10303,224.61
2024-10,10304,199.25
2024-10,10305,223.66
2024-10,10306,446.92
2024-10,10307,194.41
2024-10,10308,379.94
2024-10,10309,143.27
2024-10,10310,182.94
2024-10,10312,268.7
2024-10,10314,286.19
2024-10,10451,286.51
2024-10,10452,155.39
2024-10,10453,171.04
2024-10,10454,201.23
2024-10,10455,200.48
2024-10,10456,188.5
2024-10,10457,168.78
2024-10,10458,177.89
2024-10,10459,222.75
2024-10,10460,188.74
2024-10,10461,167.55
2024-10,10462,167.09
2024-10,10463,156.25
2024-10,10464,405.68
2024-10,10465,177.34
2024-10,10466,39.86
2024-10,10467,181.9
2024-10,10468,137.14
2024-10,10469,173.12
2024-10,10470,166.6
2024-10,10471,226.19
2024-10,10472,182.6
2024-10,10473,157.47
2024-10,10474,217.44
2024-10,10475,110.26
2024-10,10502,1025.61
2024-10,10523,744.05
2024-10,10704,736.37
2024-10,11001,244.91
2024-10,11004,436.48
2024-10,11005,4.8
2024-10,11010,112.77
2024-10,11021,-10.98
2024-10,11040,304.7
2024-10,11101,207.9
2024-10,11102,368.79
2024-10,11103,223.03
2024-10,11104,251.23
2024-10,11105,278.14
2024-10,11106,289.53
2024-10,11109,78.13
2024-10,11201,207.19
2024-10,11203,204.71
2024-10,11204,221.56
2024-10,11205,182.56
2024-10,11206,275.66
2024-10,11207,207.33
2024-10,11208,222.44
2024-10,11209,186.24
2024-10,11210,241.85
2024-10,11211,273.77
2024-10,11212,263.04
2024-10,11213,185.7
2024-10,11214,192.72
2024-10,11215,293.71
2024-10,11216,400.18
2024-10,11217,207.71
2024-10,11218,234.48
2024-10,11219,196.98
2024-10,11220,196.83
2024-10,11221,187.03
2024-10,11222,217.12
2024-10,11223,203.77
2024-10,11224,154.63
2024-10,11225,189.34
2024-10,11226,185.21
2024-10,11228,454.96
2024-10,11229,233.02
2024-10,11230,186.66
2024-10,11231,265.82
2024-10,11232,161.3
2024-10,11233,224.21
2024-10,11234,243.09
2024-10,11235,196.12
2024-10,11236,166.74
2024-10,11237,186.08
2024-10,11238,304.32
2024-10,11239,38.65
2024-10,11241,2.77
2024-10,11242,214.68
2024-10,11249,274.07
2024-10,11251,1.68
2024-10,11354,287.3
2024-10,11355,242.86
2024-10,11356,133.37
2024-10,11357,220.97
2024-10,11358,268.03
2024-10,11359,147.06
2024-10,11360,247.29
2024-10,11361,334.94
2024-10,11362,296.81
2024-10,11363,379.52
2024-10,11364,202.56
2024-10,11365,286.29
2024-10,11366,98.28
2024-10,11367,499.57
2024-10,11368,140.77
2024-10,11369,254.27
2024-10,11370,253.2
2024-10,11371,1339.58
2024-10,11372,193.11
2024-10,11373,201.87
2024-10,11374,142.19
2024-10,11375,184.46
2024-10,11377,212.54
2024-10,11378,168.77
2024-10,11379,247.46
2024-10,11385,377.89
2024-10,11411,261.49
2024-10,11412,252.33
2024-10,11413,297.11
2024-10,11414,1218.42
2024-10,11415,225.41
2024-10,11416,403.26
2024-10,11417,314.89
2024-10,11418,177.76
2024-10,11419,762.66
2024-10,11420,553.11
2024-10,11421,156.44
2024-10,11422,204.61
2024-10,11423,227.29
2024-10,11426,339.05
2024-10,11427,343.27
2024-10,11428,308.22
2024-10,11429,351.71
2024-10,11430,904.68
2024-10,11432,184.83
2024-10,11433,156.21
2024-10,11434,244.35
2024-10,11435,224.57
2024-10,11436,220.93
2024-10,11550,168.41
2024-10,11691,239.08
2024-10,11692,218.73
2024-10,11693,169.08
2024-10,11694,411.65
2024-10,11697,170.05
2024-10,11704,2185.23
2024-10,11706,740.55
2024-10,11788,50.26
2024-10,11803,3123.35
2024-10,12345,1.31
2024-10,18508,14.59
2024-10,37072,807.04
2024-10,84020,742.8
2024-10,ALL,229.1
2024-11,00083,0.48
2024-11,02062,737.29
2024-11,10000,1131.04
2024-11,10001,203.61
2024-11,10002,254.26
2024-11,10003,429.81
2024-11,10004,57.8
2024-11,10005,235.09
2024-11,10006,132.4
2024-11,10007,87.1
2024-11,10009,353.68
2024-11,10010,283.31
2024-11,10011,347.39
2024-11,10012,212.84
2024-11,10013,198.51
2024-11,10014,282.5
2024-11,10016,664.32
2024-11,10017,269.14
2024-11,10018,338.37
2024-11,10019,273.81
2024-11,10020,151.86
2024-11,10021,375.82
2024-11,10022,389.26
2024-11,10023,1712.2
2024-11,10024,261.63
2024-11,10025,337.89
2024-11,10026,293.21
2024-11,10027,280.22
2024-11,10028,355.1
2024-11,10029,256.33
2024-11,10030,252.53
2024-11,10031,250.37
2024-11,10032,293.66
2024-11,10033,208.0
2024-11,10034,232.78
2024-11,10035,401.96
2024-11,10036,493.51
2024-11,10037,466.56
2024-11,10038,188.3
2024-11,10039,249.75
2024-11,10040,314.71
2024-11,10041,0.62
2024-11,10044,739.8
2024-11,10045,-2.44
2024-11,10048,-2.83
2024-11,10065,336.51
2024-11,10069,147.04
2024-11,10075,270.24
2024-11,10103,646.25
2024-11,10105,1475.17
2024-11,10106,250.2
2024-11,10107,0.07
2024-11,10110,1140.49
2024-11,10111,766.83
2024-11,10112,526.25
2024-11,10115,33.62
2024-11,10118,331.98
2024-11,10119,700.85
2024-11,10120,12.98
2024-11,10121,751.56
2024-11,10123,1015.19
2024-11,10128,308.29
2024-11,10151,2001.55
2024-11,10153,1231.05
2024-11,10154,3368.62
2024-11,10158,201.96
2024-11,10162,99.92
2024-11,10168,13.56
2024-11,10169,310.35
2024-11,10170,35.56
2024-11,10171,-4.33
2024-11,10172,105.3
2024-11,10174,96.14
2024-11,10175,2.0
2024-11,10176,6.91
2024-11,10177,22.03
2024-11,10178,374.47
2024-11,10179,95.26
2024-11,10271,144.94
2024-11,10278,0.48
2024-11,10279,47.51
2024-11,10280,1190.99
2024-11,10281,18.05
2024-11,10282,128.32
2024-11,10301,177.93
2024-11,10302,279.88
2024-11,10303,168.75
2024-11,10304,220.35
2024-11,10305,208.02
2024-11,10306,303.69
2024-11,10307,204.4
2024-11,10308,332.96
2024-11,10309,200.27
2024-11,10310,188.0
2024-11,10312,207.53
2024-11,10314,346.76
2024-11,10451,284.32
2024-11,10452,225.82
2024-11,10453,278.49
2024-11,10454,222.15
2024-11,10455,263.49
2024-11,10456,213.08
2024-11,10457,194.27
2024-11,10458,260.01
2024-11,10459,285.42
2024-11,10460,240.99
2024-11,10461,190.09
2024-11,10462,204.62
2024-11,10463,149.38
2024-11,10464,317.34
2024-11,10465,185.3
2024-11,10466,40.18
2024-11,10467,233.6
2024-11,10468,208.02
2024-11,10469,184.28
2024-11,10470,170.43
2024-11,10471,370.32
2024-11,10472,218.33
2024-11,10473,204.91
2024-11,10474,224.21
2024-11,10475,235.46
2024-11,10573,1616.31
2024-11,10580,69.04
2024-11,10710,768.56
2024-11,11001,523.71
2024-11,11004,333.91
2024-11,11040,57.98
2024-11,11042,24.98
2024-11,11101,160.74
2024-11,11102,334.76
2024-11,11103,217.09
2024-11,11104,258.81
2024-11,11105,298.45
2024-11,11106,289.62
2024-11,11109,295.08
2024-11,11201,203.2
2024-11,11203,227.84
2024-11,11204,216.39
2024-11,11205,156.5
2024-11,11206,249.41
2024-11,11207,285.27
2024-11,11208,199.47
2024-11,11209,214.16
2024-11,11210,244.34
2024-11,11211,319.55
2024-11,11212,260.75
2024-11,11213,235.01
2024-11,11214,156.75
2024-11,11215,476.25
2024-11,11216,277.95
2024-11,11217,191.8
2024-11,11218,421.84
2024-11,11219,214.16
2024-11,11220,253.67
2024-11,11221,270.31
2024-11,11222,221.04
2024-11,11223,179.04
2024-11,11224,155.6
2024-11,11225,193.33
2024-11,11226,204.3
2024-11,11228,211.39
2024-11,11229,211.97
2024-11,11230,201.57
2024-11,11231,168.51
2024-11,11232,185.46
2024-11,11233,265.59
2024-11,11234,257.77
2024-11,11235,183.28
2024-11,11236,147.58
2024-11,11237,243.18
2024-11,11238,386.27
2024-11,11239,43.13
2024-11,11241,729.7
2024-11,11249,345.7
2024-11,11251,50.97
2024-11,11354,231.32
2024-11,11355,244.6
2024-11,11356,118.9
2024-11,11357,252.79
2024-11,11358,296.49
2024-11,11359,24.81
2024-11,11360,230.61
2024-11,11361,196.71
2024-11,11362,213.99
2024-11,11363,224.82
2024-11,11364,212.82
2024-11,11365,198.11
2024-11,11366,142.87
2024-11,11367,247.68
2024-11,11368,206.1
2024-11,11369,264.86
2024-11,11370,251.77
2024-11,11371,1015.24
2024-11,11372,194.53
2024-11,11373,223.18
2024-11,11374,140.11
2024-11,11375,218.96
2024-11,11377,160.88
2024-11,11378,172.2
2024-11,11379,231.07
2024-11,11385,194.32
2024-11,11411,194.41
2024-11,11412,316.11
2024-11,11413,260.66
2024-11,11414,2245.37
2024-11,11415,328.3
2024-11,11416,260.56
2024-11,11417,775.12
2024-11,11418,328.1
2024-11,11419,806.01
2024-11,11420,422.29
2024-11,11421,156.85
2024-11,11422,270.52
2024-11,11423,309.36
2024-11,11426,309.48
2024-11,11427,219.1
2024-11,11428,293.87
2024-11,11429,311.6
2024-11,11430,1082.25
2024-11,11432,204.46
2024-11,11433,218.4
2024-11,11434,285.35
2024-11,11435,249.58
2024-11,11436,197.32
2024-11,11552,746.1
2024-11,11576,122.17
2024-11,11577,139.99
2024-11,11691,234.61
2024-11,11692,304.27
2024-11,11693,218.56
2024-11,11694,202.79
2024-11,11695,-3.16
2024-11,11697,90.76
2024-11,1172,226.36
2024-11,11801,745.57
2024-11,12345,1.86
2024-11,12528,737.87
2024-11,33496,1413.75
2024-11,40031,912.69
2024-11,55439,384.45
2024-11,75262,903.82
2024-11,92660,745.76
2024-11,ALL,259.17
2024-12,00083,0.37
2024-12,10000,1534.94
2024-12,10001,334.34
2024-12,10002,359.42
2024-12,10003,397.11
2024-12,10004,52.38
2024-12,10005,110.04
2024-12,10006,254.56
2024-12,10007,197.31
2024-12,10009,393.76
2024-12,10010,434.53
2024-12,10011,253.38
2024-12,10012,226.97
2024-12,10013,297.37
2024-12,10014,206.55
2024-12,10016,885.38
2024-12,10017,358.45
2024-12,10018,307.05
2024-12,10019,331.79
2024-12,10020,193.91
2024-12,10021,420.5
2024-12,10022,493.47
2024-12,10023,1885.92
2024-12,10024,310.89
2024-12,10025,450.71
2024-12,10026,377.47
2024-12,10027,375.34
2024-12,10028,403.73
2024-12,10029,395.73
2024-12,10030,323.69
2024-12,10031,323.02
2024-12,10032,353.92
2024-12,10033,283.09
2024-12,10034,253.05
2024-12,10035,408.32
2024-12,10036,488.88
2024-12,10037,528.3
2024-12,10038,226.26
2024-12,10039,393.88
2024-12,10040,364.85
2024-12,10041,8.83
2024-12,10044,1339.11
2024-12,10045,654.24
2024-12,10048,-0.75
2024-12,10055,28.47
2024-12,10065,451.14
2024-12,10069,162.4
2024-12,10075,373.97
2024-12,10103,3519.31
2024-12,10105,716.6
2024-12,10106,574.84
2024-12,10110,-2.12
2024-12,10111,1906.11
2024-12,10112,40.94
2024-12,10115,23.58
2024-12,10118,20.58
2024-12,10119,52.84
2024-12,10120,163.96
2024-12,10121,460.41
2024-12,10123,-1.44
2024-12,10128,390.68
2024-12,10151,70.25
2024-12,10152,640.9
2024-12,10153,1065.97
2024-12,10154,1.62
2024-12,10158,669.95
2024-12,10162,8.1
2024-12,10165,692.74
2024-12,10167,-11.15
2024-12,10168,299.2
2024-12,10169,18.76
2024-12,10170,-10.18
2024-12,10171,-10.8
2024-12,10172,0.94
2024-12,10173,0.65
2024-12,10174,7.85
2024-12,10175,0.55
2024-12,10176,-0.21
2024-12,10178,736.12
2024-12,10271,0.81
2024-12,10278,19.61
2024-12,10279,0.52
2024-12,10280,1987.39
2024-12,10281,262.38
2024-12,10282,217.88
2024-12,10301,172.88
2024-12,10302,172.66
2024-12,10303,194.92
2024-12,10304,156.28
2024-12,10305,153.49
2024-12,10306,212.15
2024-12,10307,91.18
2024-12,10308,148.94
2024-12,10309,87.98
2024-12,10310,170.15
2024-12,10312,139.1
2024-12,10314,230.83
2024-12,10400,15.57
2024-12,10451,274.08
2024-12,10452,225.13
2024-12,10453,240.46
2024-12,10454,270.24
2024-12,10455,249.44
2024-12,10456,213.23
2024-12,10457,246.75
2024-12,10458,242.32
2024-12,10459,276.85
2024-12,10460,256.98
2024-12,10461,201.78
2024-12,10462,227.15
2024-12,10463,178.01
2024-12,10464,282.47
2024-12,10465,166.33
2024-12,10466,38.17
2024-12,10467,227.26
2024-12,10468,214.04
2024-12,10469,216.19
2024-12,10470,177.48
2024-12,10471,269.5
2024-12,10472,218.38
2024-12,10473,196.43
2024-12,10474,302.26
2024-12,10475,252.31
2024-12,10583,745.16
2024-12,11001,186.93
2024-12,11004,288.12
2024-12,11005,287.88
2024-12,11040,51.78
2024-12,11101,166.49
2024-12,11102,272.98
2024-12,11103,134.55
2024-12,11104,441.85
2024-12,11105,155.15
2024-12,11106,163.67
2024-12,11109,213.65
2024-12,11201,154.49
2024-12,11203,206.86
2024-12,11204,187.85
2024-12,11205,138.66
2024-12,11206,269.2
2024-12,11207,245.22
2024-12,11208,153.12
2024-12,11209,186.43
2024-12,11210,243.65
2024-12,11211,275.97
2024-12,11212,250.16
2024-12,11213,227.17
2024-12,11214,171.0
2024-12,11215,212.85
2024-12,11216,283.21
2024-12,11217,160.51
2024-12,11218,145.47
2024-12,11219,212.04
2024-12,11220,209.26
2024-12,11221,324.99
2024-12,11222,206.38
2024-12,11223,153.04
2024-12,11224,174.03
2024-12,11225,204.95
2024-12,11226,238.67
2024-12,11228,180.71
2024-12,11229,140.88
2024-12,11230,194.62
2024-12,11231,117.86
2024-12,11232,172.89
2024-12,11233,262.17
2024-12,11234,183.0
2024-12,11235,146.78
2024-12,11236,144.58
2024-12,11237,281.79
2024-12,11238,335.42
2024-12,11239,47.05
2024-12,11242,97.35
2024-12,11249,240.09
2024-12,11354,211.98
2024-12,11355,282.59
2024-12,11356,206.7
2024-12,11357,134.89
2024-12,11358,210.26
2024-12,11359,94.19
2024-12,11360,115.48
2024-12,11361,209.79
2024-12,11362,192.97
2024-12,11363,212.62
2024-12,11364,200.07
2024-12,11365,157.72
2024-12,11366,49.24
2024-12,11367,250.39
2024-12,11368,184.04
2024-12,11369,259.27
2024-12,11370,163.6
2024-12,11372,158.06
2024-12,11373,218.75
2024-12,11374,200.01
2024-12,11375,126.03
2024-12,11377,166.66
2024-12,11378,98.07
2024-12,11379,134.99
2024-12,11385,186.84
2024-12,11411,193.31
2024-12,11412,209.78
2024-12,11413,225.79
2024-12,11414,1978.7
2024-12,11415,320.3
2024-12,11416,130.51
2024-12,11417,305.52
2024-12,11418,182.34
2024-12,11419,953.13
2024-12,11420,258.22
2024-12,11421,94.77
2024-12,11422,241.92
2024-12,11423,239.96
2024-12,11426,152.08
2024-12,11427,150.17
2024-12,11428,301.97
2024-12,11429,447.73
2024-12,11430,1530.26
2024-12,11432,151.5
2024-12,11433,281.85
2024-12,11434,224.62
2024-12,11435,176.12
2024-12,11436,153.8
2024-12,11501,737.2
2024-12,11691,252.72
2024-12,11692,348.64
2024-12,11693,300.74
2024-12,11694,271.9
2024-12,11697,447.51
2024-12,11704,740.52
2024-12,11767,54.19
2024-12,11791,746.11
2024-12,12345,293.96
2024-12,55439,792.36
2024-12,72712,72.53
2024-12,77491,18.32
2024-12,90051,1032.93
2024-12,ALL,249.05
2024-12,Unkno,745.93
